[
    {
        "id": "1",
        "email": "priyeshkumar000@gmail.com",
        "password": "cXdlcnR5MTM=",
        "name": "shaki",
        "age": "-541",
        "gender": "Male",
        "phone": "8668172092",
        "dob": "2560-06-14",
        "college": "undefined",
        "state": "Gujarat",
        "degree": "B.Tech",
        "department": "Automobile Engineering",
        "yop": "91",
        "aoi": "undefined"
    },
    {
        "id": "2",
        "email": "pk@gmail.com",
        "password": "cXdlcnR5dWk=",
        "name": "Priyesh",
        "age": "19",
        "gender": "Male",
        "phone": "9898989898",
        "dob": "2000-03-28",
        "college": "CIT",
        "state": "Andaman and Nicobar Islands",
        "degree": "B.Tech",
        "department": "Computer Science Engineering",
        "yop": "2000",
        "aoi": "None"
    }
]